<keymap version="1" name="sergeynv (GNOME-based)" parent="Default for GNOME">
  <action id="ActivateCommitToolWindow" />
  <action id="ActivateDebugToolWindow" />
  <action id="ActivateFavoritesToolWindow">
    <keyboard-shortcut first-keystroke="ctrl 2" />
  </action>
  <action id="ActivateFindToolWindow" />
  <action id="ActivateProblemsViewToolWindow" />
  <action id="ActivateProjectToolWindow">
    <keyboard-shortcut first-keystroke="ctrl 1" />
  </action>
  <action id="ActivateRunToolWindow" />
  <action id="ActivateServicesToolWindow" />
  <action id="ActivateStructureToolWindow">
    <keyboard-shortcut first-keystroke="ctrl 3" />
  </action>
  <action id="ActivateTerminalToolWindow">
    <keyboard-shortcut first-keystroke="ctrl 8" />
  </action>
  <action id="ActivateVersionControlToolWindow">
    <keyboard-shortcut first-keystroke="ctrl 9" />
  </action>
  <action id="Adtui.ZoomToActualAction">
    <keyboard-shortcut first-keystroke="ctrl numpad0" />
  </action>
  <action id="CloseActiveTab" />
  <action id="CloseAllEditorsButActive">
    <keyboard-shortcut first-keystroke="shift ctrl w" />
  </action>
  <action id="CloseContent">
    <keyboard-shortcut first-keystroke="ctrl w" />
  </action>
  <action id="CompareTwoFiles" />
  <action id="Console.Execute.Multiline" />
  <action id="Console.SplitLine" />
  <action id="Diff.ShowDiff" />
  <action id="Diff.ShowStandaloneDiff">
    <keyboard-shortcut first-keystroke="ctrl d" />
  </action>
  <action id="DirDiffMenu.SynchronizeDiff.All" />
  <action id="DuplicatesForm.SendToLeft" />
  <action id="DuplicatesForm.SendToRight" />
  <action id="EditorDuplicate" />
  <action id="EditorSelectWord">
    <keyboard-shortcut first-keystroke="ctrl d" />
  </action>
  <action id="EditorSplitLine" />
  <action id="EditorUnSelectWord" />
  <action id="FileChooser.GotoDesktop" />
  <action id="FileChooser.GotoHome" />
  <action id="FileChooser.GotoModule" />
  <action id="FileChooser.GotoProject" />
  <action id="FileChooser.LightEditGotoOpenedFile">
    <keyboard-shortcut first-keystroke="shift ctrl q" />
  </action>
  <action id="FileStructurePopup">
    <keyboard-shortcut first-keystroke="ctrl f12" />
    <keyboard-shortcut first-keystroke="ctrl 0" />
  </action>
  <action id="GotoBookmark0" />
  <action id="GotoBookmark1" />
  <action id="GotoBookmark2" />
  <action id="GotoBookmark3" />
  <action id="GotoBookmark8" />
  <action id="GotoBookmark9" />
  <action id="GotoTest" />
  <action id="GuiDesigner.ShrinkSelection" />
  <action id="KotlinShellExecute" />
  <action id="NextTab">
    <keyboard-shortcut first-keystroke="ctrl alt right" />
  </action>
  <action id="PreviousTab">
    <keyboard-shortcut first-keystroke="ctrl alt left" />
  </action>
  <action id="ReopenClosedTab">
    <keyboard-shortcut first-keystroke="shift ctrl t" />
  </action>
  <action id="ResourceExplorer.show" />
  <action id="SelectInProjectView">
    <keyboard-shortcut first-keystroke="shift ctrl q" />
  </action>
  <action id="ServiceView.ShowServices" />
  <action id="ShowIntentionActions">
    <keyboard-shortcut first-keystroke="ctrl enter" />
  </action>
  <action id="SmartSelect" />
  <action id="SmartUnSelect" />
  <action id="SplitChooser.Duplicate" />
  <action id="Terminal.SmartCommandExecution.Run" />
  <action id="ViewSource" />
</keymap>