<code_scheme name="AIDE" version="173">
  <option name="RIGHT_MARGIN" value="100" />
  <JavaCodeStyleSettings>
    <option name="CLASS_COUNT_TO_USE_IMPORT_ON_DEMAND" value="99" />
    <option name="NAMES_COUNT_TO_USE_IMPORT_ON_DEMAND" value="99" />
    <option name="PACKAGES_TO_USE_IMPORT_ON_DEMAND">
      <value />
    </option>
    <option name="IMPORT_LAYOUT_TABLE">
      <value>
        <package name="android" withSubpackages="true" static="true" />
        <emptyLine />
        <package name="androidx" withSubpackages="true" static="true" />
        <emptyLine />
        <package name="com.android" withSubpackages="true" static="true" />
        <emptyLine />
        <package name="dalvik" withSubpackages="true" static="true" />
        <emptyLine />
        <package name="libcore" withSubpackages="true" static="true" />
        <emptyLine />
        <package name="com" withSubpackages="true" static="true" />
        <emptyLine />
        <package name="gov" withSubpackages="true" static="true" />
        <emptyLine />
        <package name="junit" withSubpackages="true" static="true" />
        <emptyLine />
        <package name="net" withSubpackages="true" static="true" />
        <emptyLine />
        <package name="org" withSubpackages="true" static="true" />
        <emptyLine />
        <package name="java" withSubpackages="true" static="true" />
        <emptyLine />
        <package name="javax" withSubpackages="true" static="true" />
        <emptyLine />
        <package name="" withSubpackages="true" static="true" />
        <emptyLine />
        <package name="android" withSubpackages="true" static="false" />
        <emptyLine />
        <package name="androidx" withSubpackages="true" static="false" />
        <emptyLine />
        <package name="com.android" withSubpackages="true" static="false" />
        <emptyLine />
        <package name="dalvik" withSubpackages="true" static="false" />
        <emptyLine />
        <package name="libcore" withSubpackages="true" static="false" />
        <emptyLine />
        <package name="com" withSubpackages="true" static="false" />
        <emptyLine />
        <package name="gov" withSubpackages="true" static="false" />
        <emptyLine />
        <package name="junit" withSubpackages="true" static="false" />
        <emptyLine />
        <package name="net" withSubpackages="true" static="false" />
        <emptyLine />
        <package name="org" withSubpackages="true" static="false" />
        <emptyLine />
        <package name="java" withSubpackages="true" static="false" />
        <emptyLine />
        <package name="javax" withSubpackages="true" static="false" />
        <emptyLine />
        <package name="" withSubpackages="true" static="false" />
      </value>
    </option>
  </JavaCodeStyleSettings>
  <JetCodeStyleSettings>
    <option name="PACKAGES_TO_USE_STAR_IMPORTS">
      <value />
    </option>
    <option name="NAME_COUNT_TO_USE_STAR_IMPORT" value="2147483647" />
    <option name="NAME_COUNT_TO_USE_STAR_IMPORT_FOR_MEMBERS" value="2147483647" />
  </JetCodeStyleSettings>
</code_scheme>