<keymap version="1" name="sergeynv - as - macos" parent="Mac OS X">
  <action id="ActivateCommitToolWindow" />
  <action id="ActivateDebugToolWindow" />
  <action id="ActivateProblemsViewToolWindow" />
  <action id="ActivateRunToolWindow" />
  <action id="ActivateServicesToolWindow" />
  <action id="ActivateStructureToolWindow" />
  <action id="ActivateTerminalToolWindow">
    <keyboard-shortcut first-keystroke="meta 8" />
  </action>
  <action id="Adtui.ZoomToActualAction">
    <keyboard-shortcut first-keystroke="meta numpad0" />
  </action>
  <action id="Android.Designer.AutoArrange" />
  <action id="Back">
    <mouse-shortcut keystroke="button4" />
  </action>
  <action id="CloseAllEditorsButActive">
    <keyboard-shortcut first-keystroke="shift meta w" />
  </action>
  <action id="CloseContent">
    <keyboard-shortcut first-keystroke="meta w" />
  </action>
  <action id="CompareTwoFiles" />
  <action id="Diff.ShowDiff" />
  <action id="EditorDuplicate" />
  <action id="EditorSelectWord">
    <keyboard-shortcut first-keystroke="meta d" />
  </action>
  <action id="EditorUnSelectWord" />
  <action id="FileChooser.GotoDesktop" />
  <action id="FileStructurePopup">
    <keyboard-shortcut first-keystroke="meta 0" />
  </action>
  <action id="Forward">
    <mouse-shortcut keystroke="button5" />
  </action>
  <action id="NextTab">
    <keyboard-shortcut first-keystroke="meta alt right" />
  </action>
  <action id="PreviousTab">
    <keyboard-shortcut first-keystroke="meta alt left" />
  </action>
  <action id="ReopenClosedTab">
    <keyboard-shortcut first-keystroke="meta t" />
  </action>
  <action id="RunDashboard.CopyConfiguration" />
  <action id="SelectIn" />
  <action id="SendEOF" />
  <action id="ShowNavBar">
    <keyboard-shortcut first-keystroke="meta l" />
  </action>
  <action id="SmartSelect" />
  <action id="SmartUnSelect" />
  <action id="Terminal.ClearBuffer">
    <keyboard-shortcut first-keystroke="meta k" />
  </action>
  <action id="Vcs.Log.FocusTextFilter" />
  <action id="Vcs.UpdateProject" />
  <action id="XDebugger.CopyWatch" />
</keymap>