<application>
  <component name="FileTypeManager" version="18">
    <ignoreFiles list="*.pyc;*.pyo;*.rbc;*.yarb;*~;.DS_Store;.git;.hg;.pipertmp-*;.svn;CVS;__pycache__;_svn;vssver.scc;vssver2.scc" />
    <extensionMap>
      <mapping ext="srcjar" type="ARCHIVE" />
      <mapping pattern="IOnAssociationCreatedCallback.aidl" type="AUTO_DETECTED" />
      <mapping pattern="IMainService.aidl" type="AUTO_DETECTED" />
      <mapping ext="rawpb" type="Binary File" />
      <mapping ext="mp3" type="Binary File" />
      <mapping ext="mp4" type="Binary File" />
      <mapping ext="columnio" type="Binary File" />
      <mapping ext="data" type="Binary File" />
      <mapping ext="capacitor" type="Binary File" />
      <mapping ext="mp" type="Binary File" />
      <mapping ext="amr" type="Binary File" />
      <mapping ext="pcm" type="Binary File" />
      <mapping ext="btfy" type="Binary File" />
      <mapping ext="trie" type="Binary File" />
      <mapping ext="raw" type="Binary File" />
      <mapping ext="mfar" type="Binary File" />
      <mapping ext="keystore" type="Binary File" />
      <mapping ext="vcf" type="Binary File" />
      <mapping ext="so" type="Binary File" />
      <mapping ext="dex" type="Binary File" />
      <mapping ext="pumpkin" type="Binary File" />
      <mapping ext="ogg" type="Binary File" />
      <mapping ext="dat" type="Binary File" />
      <mapping ext="bin" type="Binary File" />
      <mapping ext="syms" type="Binary File" />
      <mapping ext="mmap" type="Binary File" />
      <mapping ext="arsc" type="Binary File" />
      <mapping ext="recordio" type="Binary File" />
      <mapping ext="fst" type="Binary File" />
      <mapping ext="wav" type="Binary File" />
      <mapping ext="map" type="Binary File" />
      <mapping ext="awb" type="Binary File" />
      <mapping ext="pbz" type="Binary File" />
      <mapping ext="louds" type="Binary File" />
      <mapping pattern="TEST_MAPPING" type="JSON" />
      <mapping ext="gradle.kts" type="Kotlin" />
      <mapping ext="main.kts" type="Kotlin" />
      <mapping pattern="DESCRIPTION" type="PLAIN_TEXT" />
      <mapping pattern="README" type="PLAIN_TEXT" />
      <mapping pattern="OWNERS" type="PLAIN_TEXT" />
      <mapping pattern="LICENSE" type="PLAIN_TEXT" />
      <mapping ext="input" type="PLAIN_TEXT" />
      <mapping ext="test" type="PLAIN_TEXT" />
      <mapping ext="gwsq" type="PLAIN_TEXT" />
      <mapping ext="spec" type="PLAIN_TEXT" />
      <mapping ext="golden" type="PLAIN_TEXT" />
      <mapping ext="pi" type="Python" />
      <mapping pattern="*.pb.txt" type="prototext" />
      <mapping ext="asciipb" type="prototext" />
      <mapping ext="ascii" type="prototext" />
      <mapping ext="workflow" type="prototext" />
      <mapping ext="prototext" type="prototext" />
      <mapping ext="textpb" type="prototext" />
      <mapping ext="zan" type="prototext" />
      <mapping ext="textproto" type="prototext" />
      <mapping ext="pb" type="prototext" />
      <mapping ext="policy" type="prototext" />
      <mapping ext="pbtxt" type="prototext" />
      <removed_mapping ext="apk" approved="true" type="ARCHIVE" />
      <removed_mapping ext="blueprint" approved="true" type="PLAIN_TEXT" />
      <removed_mapping ext="dex" approved="true" type="DEX" />
      <removed_mapping ext="psd" approved="true" type="Image" />
    </extensionMap>
  </component>
</application>