<application>
  <component name="G3PluginsGlobalSettings">
    <appliedSettings>
      <entry key="AutoSaveWhenIdle" value="true" />
      <entry key="DisableCodeWithMePlugin4" value="true" />
      <entry key="DisableKotlinPlugin3" value="true" />
      <entry key="DisableLombokPlugin" value="true" />
      <entry key="DisableOverridingIdeShortcuts" value="true" />
      <entry key="DisableSafeWrite" value="true" />
      <entry key="DisableSpacePlugin4" value="true" />
      <entry key="EnableUseInstanceOfOnEqualsCodeGeneration" value="true" />
      <entry key="GoogleStyleSet" value="true" />
      <entry key="IgnorePipertmpFiles" value="true" />
      <entry key="PiccoloFileType" value="true" />
      <entry key="ReopenLastProjectOnStartup" value="true" />
      <entry key="SynchronizeFilesOnFrameActivation" value="true" />
    </appliedSettings>
  </component>
</application>